{
  "requirements": [{
    "description": "1 - Faça uma requisição para o endpoint `/planets` da API de Star Wars e preencha uma tabela com os dados retornados, com exceção dos da coluna `residents`",
    "bonus": false
  }, {
    "description": "2 - Filtre a tabela através de um texto, inserido num *campo de texto*, exibindo somente os planetas cujos nomes incluam o texto digitado",
    "bonus": false
  }, {
    "description": "3 - Crie um filtro para valores numéricos",
    "bonus": false
  }, {
    "description": "4 - Implemente múltiplos filtros numéricos",
    "bonus": false
  }, {
    "description": "5 - Não utilize filtros repetidos",
    "bonus": false
  }, {
    "description": "6 - Apague um filtro de valor numérico ao clicar no ícone de X de um dos filtros e apague todas filtragens numéricas simultaneamente ao clicar em outro botão de Remover todas filtragens",
    "bonus": false
  }, {
    "description": "7 - Ordene as colunas de forma ascendente ou descendente",
    "bonus": true
  }]
}
